timestamp,run_name,split,bleu,chrf,model_name,learning_rate,epochs,batch_size,max_source_len,max_new_tokens,freeze_encoder,train_size,dev_size,seed,n_eval,notes,model_family
2026-02-19T18:12:49-08:00,baseline,idioms_test,39.6493519457456,60.7861119999561,Helsinki-NLP/opus-mt-en-de,,,16,256,128,False,800,100,42,100,pretrained baseline,Helsinki-NLP
2026-02-19T18:14:30-08:00,baseline,wmt_test,27.5679940288714,58.4318455777985,Helsinki-NLP/opus-mt-en-de,,,16,256,128,False,20000,2000,42,3003,pretrained baseline (WMT test full 3003),Helsinki-NLP
2026-02-19T18:15:28-08:00,idiom_only_v1,idioms_test,44.3632973675114,64.640646631657,/content/drive/MyDrive/ds266_idiom_mt/checkpoints/idiom_only_v1,5e-05,3.0,8,256,128,False,800,100,42,100,stage1 idiom-only fine-tune,Helsinki-NLP
2026-02-19T18:17:13-08:00,idiom_only_v1,wmt_test,26.5898562238025,58.2179836105578,/content/drive/MyDrive/ds266_idiom_mt/checkpoints/idiom_only_v1,5e-05,3.0,8,256,128,False,20000,2000,42,3003,stage1 idiom-only fine-tune (eval on WMT),Helsinki-NLP
2026-02-19T18:20:25-08:00,two_stage_frozen_v1,idioms_test,43.6091253897949,63.5028161842789,/content/drive/MyDrive/ds266_idiom_mt/checkpoints/two_stage_frozen_v1_stage2,5e-06,1.0,8,256,128,True,20000,2000,42,100,"stage2 general fine-tune, encoder frozen (eval on idioms)",Helsinki-NLP
2026-02-19T18:22:10-08:00,two_stage_frozen_v1,wmt_test,27.0960514750074,58.3027338104299,/content/drive/MyDrive/ds266_idiom_mt/checkpoints/two_stage_frozen_v1_stage2,5e-06,1.0,8,256,128,True,20000,2000,42,3003,"stage2 general fine-tune, encoder frozen (eval on WMT)",Helsinki-NLP
2026-02-19T22:04:56-08:00,baseline,idioms_test,39.3700155982438,59.9517341988576,facebook/nllb-200-distilled-1.3B,,,4,256,128,False,800,100,42,100,pretrained baseline,Facebook-NLLB
2026-02-19T22:22:54-08:00,baseline,wmt_test,29.3097472890886,60.1269018035933,facebook/nllb-200-distilled-1.3B,,,4,256,128,False,20000,2000,42,3003,pretrained baseline (WMT test full 3003),Facebook-NLLB
2026-02-19T22:48:56-08:00,idiom_only_v1,idioms_test,43.5521035523244,63.50018092078209,/content/drive/MyDrive/ds266_idiom_mt/checkpoints/idiom_only_v1,2e-05,2.0,4,256,128,False,800,100,42,100,stage1 idiom-only fine-tune,Facebook-NLLB
2026-02-19T23:01:37-08:00,idiom_only_v1,wmt_test,29.0838621844961,60.1324565565895,/content/drive/MyDrive/ds266_idiom_mt/checkpoints/idiom_only_v1,2e-05,2.0,4,256,128,False,20000,2000,42,3003,stage1 idiom-only fine-tune (eval on WMT),Facebook-NLLB
2026-02-19T23:46:39-08:00,two_stage_frozen_v1,idioms_test,41.4057181126449,61.7874762963495,/content/drive/MyDrive/ds266_idiom_mt/checkpoints/two_stage_frozen_v1_stage2,5e-06,1.0,8,256,128,True,20000,2000,42,100,"stage2 general fine-tune, encoder frozen (eval on idioms)",Facebook-NLLB
2026-02-19T23:55:03-08:00,two_stage_frozen_v1,wmt_test,29.0241262321333,59.858174514078,/content/drive/MyDrive/ds266_idiom_mt/checkpoints/two_stage_frozen_v1_stage2,5e-06,1.0,8,256,128,True,20000,2000,42,3003,"stage2 general fine-tune, encoder frozen (eval on WMT)",Facebook-NLLB
2026-02-25T16:52:13-08:00,baseline,idioms_test,39.6493519457456,60.7861119999561,Helsinki-NLP/opus-mt-en-de,,,16,256,128,False,800,100,42,100,pretrained baseline,Helsinki-NLP
2026-02-25T16:53:54-08:00,baseline,wmt_test,27.5679940288714,58.4318455777985,Helsinki-NLP/opus-mt-en-de,,,16,256,128,False,20000,2000,42,3003,pretrained baseline (WMT test full 3003),Helsinki-NLP
2026-02-25T17:27:11-08:00,idiom_only_v1,idioms_test,44.0022042013635,64.1498750598759,/content/drive/MyDrive/ds266_idiom_mt/checkpoints/idiom_only_v1,5e-05,3.0,8,256,128,False,800,100,42,100,stage1 idiom-only fine-tune,Helsinki-NLP
2026-02-25T17:28:57-08:00,idiom_only_v1,wmt_test,26.8353029229319,58.3017151797347,/content/drive/MyDrive/ds266_idiom_mt/checkpoints/idiom_only_v1,5e-05,3.0,8,256,128,False,20000,2000,42,3003,stage1 idiom-only fine-tune (eval on WMT),Helsinki-NLP
2026-02-25T18:04:44-08:00,two_stage_mixed_wd_es_v1,idioms_test,28.7241047981705,50.737157064602,/content/drive/MyDrive/ds266_idiom_mt/checkpoints/two_stage_frozen_mix_wd_es_v1_stage2,5e-06,5.0,8,256,128,True,18800,2000,42,100,stage2 mixed 90/10 + wd=0.01 + ES(pat=2) + decoder_top_trainable=2,Helsinki-NLP
2026-02-25T18:11:23-08:00,two_stage_mixed_wd_es_v1,wmt_test,22.4125097477357,53.878887114959,/content/drive/MyDrive/ds266_idiom_mt/checkpoints/two_stage_frozen_mix_wd_es_v1_stage2,5e-06,5.0,8,256,128,True,18800,2000,42,3003,stage2 mixed 90/10 + wd=0.01 + ES(pat=2) + decoder_top_trainable=2,Helsinki-NLP
2026-02-25T18:53:46-08:00,two_stage_mixed_wd_es_v2,idioms_test,31.6785993843443,53.4156725885947,/content/drive/MyDrive/ds266_idiom_mt/checkpoints/two_stage_frozen_mix_v1_lr2e5_dec4,2e-05,5.0,8,256,128,True,18800,2000,42,100,stage2: 90/10 mix | lr=2e-5 | dec_top=4 | no_wd | enc_frozen | ES=2,Helsinki-NLP
2026-02-25T19:00:12-08:00,two_stage_mixed_wd_es_v2,wmt_test,21.1000492429746,51.491249443518,/content/drive/MyDrive/ds266_idiom_mt/checkpoints/two_stage_frozen_mix_v1_lr2e5_dec4,2e-05,5.0,8,256,128,True,18800,2000,42,3003,stage2: 90/10 mix | lr=2e-5 | dec_top=4 | no_wd | enc_frozen | ES=2,Helsinki-NLP
2026-02-25T20:08:09-08:00,two_stage_wmt_only_freeze_dec1_lr1e5_v1,idioms_test,30.0818178227415,51.7620170963812,/content/drive/MyDrive/ds266_idiom_mt/checkpoints/two_stage_frozen_mix_v1_lr2e5_dec4,1e-05,6.0,8,256,128,True,18800,2000,42,100,stage2: WMT-only | enc_frozen | dec_top=1 | lr=1e-5 | no_wd | ES=2,Helsinki-NLP
2026-02-25T20:14:54-08:00,two_stage_wmt_only_freeze_dec1_lr1e5_v1,wmt_test,22.3046155053424,53.5449389602891,/content/drive/MyDrive/ds266_idiom_mt/checkpoints/two_stage_frozen_mix_v1_lr2e5_dec4,1e-05,6.0,8,256,128,True,18800,2000,42,3003,stage2: WMT-only | enc_frozen | dec_top=1 | lr=1e-5 | no_wd | ES=2,Helsinki-NLP
2026-02-25T21:26:29-08:00,baseline,idioms_test,39.6493519457456,60.7861119999561,Helsinki-NLP/opus-mt-en-de,,,16,256,128,False,800,100,42,100,pretrained baseline,Helsinki-NLP
2026-02-25T21:28:09-08:00,baseline,wmt_test,27.5679940288714,58.4318455777985,Helsinki-NLP/opus-mt-en-de,,,16,256,128,False,20000,2000,42,3003,pretrained baseline (WMT test full 3003),Helsinki-NLP
2026-02-25T22:19:10-08:00,lora_two_stage_v1_greedy,idioms_test,41.6378177544857,61.4704236256611,/content/drive/MyDrive/ds266_idiom_mt/checkpoints/lora_two_stage_v1_stage2_wmt_encfrozen,1e-05,5.0,8,256,128,True,20000,2000,42,100,LoRA 2-stage | stage2=WMT enc frozen | decoding=greedy | {},Helsinki-NLP
2026-02-25T22:21:57-08:00,lora_two_stage_v1_greedy,wmt_test,27.5500686437715,58.4416023658877,/content/drive/MyDrive/ds266_idiom_mt/checkpoints/lora_two_stage_v1_stage2_wmt_encfrozen,1e-05,5.0,8,256,128,True,20000,2000,42,3003,LoRA 2-stage | stage2=WMT enc frozen | decoding=greedy | {},Helsinki-NLP
2026-02-25T22:22:02-08:00,lora_two_stage_v1_beam4,idioms_test,41.312335535747,61.137900629882,/content/drive/MyDrive/ds266_idiom_mt/checkpoints/lora_two_stage_v1_stage2_wmt_encfrozen,1e-05,5.0,8,256,128,True,20000,2000,42,100,"LoRA 2-stage | stage2=WMT enc frozen | decoding=beam4 | {'num_beams': 4, 'early_stopping': True}",Helsinki-NLP
2026-02-25T22:24:47-08:00,lora_two_stage_v1_beam4,wmt_test,27.5828751036099,58.426128592757,/content/drive/MyDrive/ds266_idiom_mt/checkpoints/lora_two_stage_v1_stage2_wmt_encfrozen,1e-05,5.0,8,256,128,True,20000,2000,42,3003,"LoRA 2-stage | stage2=WMT enc frozen | decoding=beam4 | {'num_beams': 4, 'early_stopping': True}",Helsinki-NLP
2026-02-25T22:24:51-08:00,lora_two_stage_v1_beam8,idioms_test,41.53586902534111,61.4142983023757,/content/drive/MyDrive/ds266_idiom_mt/checkpoints/lora_two_stage_v1_stage2_wmt_encfrozen,1e-05,5.0,8,256,128,True,20000,2000,42,100,"LoRA 2-stage | stage2=WMT enc frozen | decoding=beam8 | {'num_beams': 8, 'early_stopping': True, 'length_penalty': 1.0}",Helsinki-NLP
2026-02-25T22:27:37-08:00,lora_two_stage_v1_beam8,wmt_test,27.7086631987653,58.4983606707313,/content/drive/MyDrive/ds266_idiom_mt/checkpoints/lora_two_stage_v1_stage2_wmt_encfrozen,1e-05,5.0,8,256,128,True,20000,2000,42,3003,"LoRA 2-stage | stage2=WMT enc frozen | decoding=beam8 | {'num_beams': 8, 'early_stopping': True, 'length_penalty': 1.0}",Helsinki-NLP
2026-03-02T13:12:29-08:00,lora_r4_two_stage_greedy,idioms_test,41.809157894702444,61.681716737905326,/content/drive/MyDrive/ds266_idiom_mt/checkpoints/lora_r4_stage2_wmt_encfrozen,1e-05,5.0,8,256,128,True,20000,2000,42,100,LoRA 2-stage | r=4 | stage2=WMT enc_frozen | stage1=idioms | lr2=1e-05 | decoding=greedy | {},Helsinki-NLP
2026-03-02T13:12:34-08:00,lora_r4_two_stage_beam4_lp0.8,idioms_test,40.76897952973159,60.62100568893813,/content/drive/MyDrive/ds266_idiom_mt/checkpoints/lora_r4_stage2_wmt_encfrozen,1e-05,5.0,8,256,128,True,20000,2000,42,100,"LoRA 2-stage | r=4 | stage2=WMT enc_frozen | stage1=idioms | lr2=1e-05 | decoding=beam4_lp0.8 | {'num_beams': 4, 'length_penalty': 0.8, 'early_stopping': True}",Helsinki-NLP
2026-03-02T13:12:38-08:00,lora_r4_two_stage_beam4_lp1.0,idioms_test,41.16847579264805,61.0947228039622,/content/drive/MyDrive/ds266_idiom_mt/checkpoints/lora_r4_stage2_wmt_encfrozen,1e-05,5.0,8,256,128,True,20000,2000,42,100,"LoRA 2-stage | r=4 | stage2=WMT enc_frozen | stage1=idioms | lr2=1e-05 | decoding=beam4_lp1.0 | {'num_beams': 4, 'length_penalty': 1.0, 'early_stopping': True}",Helsinki-NLP
2026-03-02T13:12:43-08:00,lora_r4_two_stage_beam4_lp1.2,idioms_test,41.699884481079565,61.38712242835669,/content/drive/MyDrive/ds266_idiom_mt/checkpoints/lora_r4_stage2_wmt_encfrozen,1e-05,5.0,8,256,128,True,20000,2000,42,100,"LoRA 2-stage | r=4 | stage2=WMT enc_frozen | stage1=idioms | lr2=1e-05 | decoding=beam4_lp1.2 | {'num_beams': 4, 'length_penalty': 1.2, 'early_stopping': True}",Helsinki-NLP
2026-03-02T13:12:48-08:00,lora_r4_two_stage_beam8_lp0.8,idioms_test,40.65932639501937,60.6803093575713,/content/drive/MyDrive/ds266_idiom_mt/checkpoints/lora_r4_stage2_wmt_encfrozen,1e-05,5.0,8,256,128,True,20000,2000,42,100,"LoRA 2-stage | r=4 | stage2=WMT enc_frozen | stage1=idioms | lr2=1e-05 | decoding=beam8_lp0.8 | {'num_beams': 8, 'length_penalty': 0.8, 'early_stopping': True}",Helsinki-NLP
2026-03-02T13:12:52-08:00,lora_r4_two_stage_beam8_lp1.0,idioms_test,40.94217668693307,61.18789903536428,/content/drive/MyDrive/ds266_idiom_mt/checkpoints/lora_r4_stage2_wmt_encfrozen,1e-05,5.0,8,256,128,True,20000,2000,42,100,"LoRA 2-stage | r=4 | stage2=WMT enc_frozen | stage1=idioms | lr2=1e-05 | decoding=beam8_lp1.0 | {'num_beams': 8, 'length_penalty': 1.0, 'early_stopping': True}",Helsinki-NLP
2026-03-02T13:12:57-08:00,lora_r4_two_stage_beam8_lp1.2,idioms_test,41.37415377298673,61.56017020617215,/content/drive/MyDrive/ds266_idiom_mt/checkpoints/lora_r4_stage2_wmt_encfrozen,1e-05,5.0,8,256,128,True,20000,2000,42,100,"LoRA 2-stage | r=4 | stage2=WMT enc_frozen | stage1=idioms | lr2=1e-05 | decoding=beam8_lp1.2 | {'num_beams': 8, 'length_penalty': 1.2, 'early_stopping': True}",Helsinki-NLP
2026-03-02T13:15:36-08:00,lora_r4_two_stage_greedy,wmt_test,27.467714167775704,58.434767711527854,/content/drive/MyDrive/ds266_idiom_mt/checkpoints/lora_r4_stage2_wmt_encfrozen,1e-05,5.0,8,256,128,True,20000,2000,42,3003,LoRA 2-stage | r=4 | stage2=WMT enc_frozen | stage1=idioms | lr2=1e-05 | decoding=greedy | {},Helsinki-NLP
2026-03-02T13:18:16-08:00,lora_r4_two_stage_beam4_lp0.8,wmt_test,27.614264495055373,58.41591137426786,/content/drive/MyDrive/ds266_idiom_mt/checkpoints/lora_r4_stage2_wmt_encfrozen,1e-05,5.0,8,256,128,True,20000,2000,42,3003,"LoRA 2-stage | r=4 | stage2=WMT enc_frozen | stage1=idioms | lr2=1e-05 | decoding=beam4_lp0.8 | {'num_beams': 4, 'length_penalty': 0.8, 'early_stopping': True}",Helsinki-NLP
2026-03-02T13:20:55-08:00,lora_r4_two_stage_beam4_lp1.0,wmt_test,27.53968567685827,58.41711906479945,/content/drive/MyDrive/ds266_idiom_mt/checkpoints/lora_r4_stage2_wmt_encfrozen,1e-05,5.0,8,256,128,True,20000,2000,42,3003,"LoRA 2-stage | r=4 | stage2=WMT enc_frozen | stage1=idioms | lr2=1e-05 | decoding=beam4_lp1.0 | {'num_beams': 4, 'length_penalty': 1.0, 'early_stopping': True}",Helsinki-NLP
2026-03-02T13:23:34-08:00,lora_r4_two_stage_beam4_lp1.2,wmt_test,27.49511231466325,58.47561798476642,/content/drive/MyDrive/ds266_idiom_mt/checkpoints/lora_r4_stage2_wmt_encfrozen,1e-05,5.0,8,256,128,True,20000,2000,42,3003,"LoRA 2-stage | r=4 | stage2=WMT enc_frozen | stage1=idioms | lr2=1e-05 | decoding=beam4_lp1.2 | {'num_beams': 4, 'length_penalty': 1.2, 'early_stopping': True}",Helsinki-NLP
2026-03-02T13:26:15-08:00,lora_r4_two_stage_beam8_lp0.8,wmt_test,27.787373410603397,58.45078068124431,/content/drive/MyDrive/ds266_idiom_mt/checkpoints/lora_r4_stage2_wmt_encfrozen,1e-05,5.0,8,256,128,True,20000,2000,42,3003,"LoRA 2-stage | r=4 | stage2=WMT enc_frozen | stage1=idioms | lr2=1e-05 | decoding=beam8_lp0.8 | {'num_beams': 8, 'length_penalty': 0.8, 'early_stopping': True}",Helsinki-NLP
2026-03-02T13:28:57-08:00,lora_r4_two_stage_beam8_lp1.0,wmt_test,27.732564638783057,58.49513692213094,/content/drive/MyDrive/ds266_idiom_mt/checkpoints/lora_r4_stage2_wmt_encfrozen,1e-05,5.0,8,256,128,True,20000,2000,42,3003,"LoRA 2-stage | r=4 | stage2=WMT enc_frozen | stage1=idioms | lr2=1e-05 | decoding=beam8_lp1.0 | {'num_beams': 8, 'length_penalty': 1.0, 'early_stopping': True}",Helsinki-NLP
2026-03-02T13:31:39-08:00,lora_r4_two_stage_beam8_lp1.2,wmt_test,27.655242921863632,58.56531509465066,/content/drive/MyDrive/ds266_idiom_mt/checkpoints/lora_r4_stage2_wmt_encfrozen,1e-05,5.0,8,256,128,True,20000,2000,42,3003,"LoRA 2-stage | r=4 | stage2=WMT enc_frozen | stage1=idioms | lr2=1e-05 | decoding=beam8_lp1.2 | {'num_beams': 8, 'length_penalty': 1.2, 'early_stopping': True}",Helsinki-NLP
2026-03-02T13:31:46-08:00,lora_r8_two_stage_greedy,idioms_test,42.1787655293237,61.760908613641895,/content/drive/MyDrive/ds266_idiom_mt/checkpoints/lora_r8_stage2_wmt_encfrozen,1e-05,5.0,8,256,128,True,20000,2000,42,100,LoRA 2-stage | r=8 | stage2=WMT enc_frozen | stage1=idioms | lr2=1e-05 | decoding=greedy | {},Helsinki-NLP
2026-03-02T13:31:51-08:00,lora_r8_two_stage_beam4_lp0.8,idioms_test,40.82255089546092,60.79652099136028,/content/drive/MyDrive/ds266_idiom_mt/checkpoints/lora_r8_stage2_wmt_encfrozen,1e-05,5.0,8,256,128,True,20000,2000,42,100,"LoRA 2-stage | r=8 | stage2=WMT enc_frozen | stage1=idioms | lr2=1e-05 | decoding=beam4_lp0.8 | {'num_beams': 4, 'length_penalty': 0.8, 'early_stopping': True}",Helsinki-NLP
2026-03-02T13:31:56-08:00,lora_r8_two_stage_beam4_lp1.0,idioms_test,41.35400706936225,61.23290268862818,/content/drive/MyDrive/ds266_idiom_mt/checkpoints/lora_r8_stage2_wmt_encfrozen,1e-05,5.0,8,256,128,True,20000,2000,42,100,"LoRA 2-stage | r=8 | stage2=WMT enc_frozen | stage1=idioms | lr2=1e-05 | decoding=beam4_lp1.0 | {'num_beams': 4, 'length_penalty': 1.0, 'early_stopping': True}",Helsinki-NLP
2026-03-02T13:32:00-08:00,lora_r8_two_stage_beam4_lp1.2,idioms_test,41.40149955323913,61.32406516381892,/content/drive/MyDrive/ds266_idiom_mt/checkpoints/lora_r8_stage2_wmt_encfrozen,1e-05,5.0,8,256,128,True,20000,2000,42,100,"LoRA 2-stage | r=8 | stage2=WMT enc_frozen | stage1=idioms | lr2=1e-05 | decoding=beam4_lp1.2 | {'num_beams': 4, 'length_penalty': 1.2, 'early_stopping': True}",Helsinki-NLP
2026-03-02T13:32:05-08:00,lora_r8_two_stage_beam8_lp0.8,idioms_test,40.8912239909261,60.852900401198525,/content/drive/MyDrive/ds266_idiom_mt/checkpoints/lora_r8_stage2_wmt_encfrozen,1e-05,5.0,8,256,128,True,20000,2000,42,100,"LoRA 2-stage | r=8 | stage2=WMT enc_frozen | stage1=idioms | lr2=1e-05 | decoding=beam8_lp0.8 | {'num_beams': 8, 'length_penalty': 0.8, 'early_stopping': True}",Helsinki-NLP
2026-03-02T13:32:10-08:00,lora_r8_two_stage_beam8_lp1.0,idioms_test,41.30680023128676,61.35294432021068,/content/drive/MyDrive/ds266_idiom_mt/checkpoints/lora_r8_stage2_wmt_encfrozen,1e-05,5.0,8,256,128,True,20000,2000,42,100,"LoRA 2-stage | r=8 | stage2=WMT enc_frozen | stage1=idioms | lr2=1e-05 | decoding=beam8_lp1.0 | {'num_beams': 8, 'length_penalty': 1.0, 'early_stopping': True}",Helsinki-NLP
2026-03-02T13:32:15-08:00,lora_r8_two_stage_beam8_lp1.2,idioms_test,41.60098757274608,61.6074472343421,/content/drive/MyDrive/ds266_idiom_mt/checkpoints/lora_r8_stage2_wmt_encfrozen,1e-05,5.0,8,256,128,True,20000,2000,42,100,"LoRA 2-stage | r=8 | stage2=WMT enc_frozen | stage1=idioms | lr2=1e-05 | decoding=beam8_lp1.2 | {'num_beams': 8, 'length_penalty': 1.2, 'early_stopping': True}",Helsinki-NLP
2026-03-02T13:34:58-08:00,lora_r8_two_stage_greedy,wmt_test,27.4803387263887,58.45979563899476,/content/drive/MyDrive/ds266_idiom_mt/checkpoints/lora_r8_stage2_wmt_encfrozen,1e-05,5.0,8,256,128,True,20000,2000,42,3003,LoRA 2-stage | r=8 | stage2=WMT enc_frozen | stage1=idioms | lr2=1e-05 | decoding=greedy | {},Helsinki-NLP
2026-03-02T13:37:40-08:00,lora_r8_two_stage_beam4_lp0.8,wmt_test,27.60040295354904,58.436460387688726,/content/drive/MyDrive/ds266_idiom_mt/checkpoints/lora_r8_stage2_wmt_encfrozen,1e-05,5.0,8,256,128,True,20000,2000,42,3003,"LoRA 2-stage | r=8 | stage2=WMT enc_frozen | stage1=idioms | lr2=1e-05 | decoding=beam4_lp0.8 | {'num_beams': 4, 'length_penalty': 0.8, 'early_stopping': True}",Helsinki-NLP
2026-03-02T13:40:23-08:00,lora_r8_two_stage_beam4_lp1.0,wmt_test,27.51667847547613,58.44003299046878,/content/drive/MyDrive/ds266_idiom_mt/checkpoints/lora_r8_stage2_wmt_encfrozen,1e-05,5.0,8,256,128,True,20000,2000,42,3003,"LoRA 2-stage | r=8 | stage2=WMT enc_frozen | stage1=idioms | lr2=1e-05 | decoding=beam4_lp1.0 | {'num_beams': 4, 'length_penalty': 1.0, 'early_stopping': True}",Helsinki-NLP
2026-03-02T13:43:06-08:00,lora_r8_two_stage_beam4_lp1.2,wmt_test,27.47578346508769,58.458803380389256,/content/drive/MyDrive/ds266_idiom_mt/checkpoints/lora_r8_stage2_wmt_encfrozen,1e-05,5.0,8,256,128,True,20000,2000,42,3003,"LoRA 2-stage | r=8 | stage2=WMT enc_frozen | stage1=idioms | lr2=1e-05 | decoding=beam4_lp1.2 | {'num_beams': 4, 'length_penalty': 1.2, 'early_stopping': True}",Helsinki-NLP
2026-03-02T13:45:50-08:00,lora_r8_two_stage_beam8_lp0.8,wmt_test,27.71749525310039,58.421674485038544,/content/drive/MyDrive/ds266_idiom_mt/checkpoints/lora_r8_stage2_wmt_encfrozen,1e-05,5.0,8,256,128,True,20000,2000,42,3003,"LoRA 2-stage | r=8 | stage2=WMT enc_frozen | stage1=idioms | lr2=1e-05 | decoding=beam8_lp0.8 | {'num_beams': 8, 'length_penalty': 0.8, 'early_stopping': True}",Helsinki-NLP
2026-03-02T13:48:34-08:00,lora_r8_two_stage_beam8_lp1.0,wmt_test,27.633058847098575,58.46751970869831,/content/drive/MyDrive/ds266_idiom_mt/checkpoints/lora_r8_stage2_wmt_encfrozen,1e-05,5.0,8,256,128,True,20000,2000,42,3003,"LoRA 2-stage | r=8 | stage2=WMT enc_frozen | stage1=idioms | lr2=1e-05 | decoding=beam8_lp1.0 | {'num_beams': 8, 'length_penalty': 1.0, 'early_stopping': True}",Helsinki-NLP
2026-03-02T13:51:18-08:00,lora_r8_two_stage_beam8_lp1.2,wmt_test,27.506992521699463,58.48048421128422,/content/drive/MyDrive/ds266_idiom_mt/checkpoints/lora_r8_stage2_wmt_encfrozen,1e-05,5.0,8,256,128,True,20000,2000,42,3003,"LoRA 2-stage | r=8 | stage2=WMT enc_frozen | stage1=idioms | lr2=1e-05 | decoding=beam8_lp1.2 | {'num_beams': 8, 'length_penalty': 1.2, 'early_stopping': True}",Helsinki-NLP
2026-03-02T13:51:25-08:00,lora_r16_two_stage_greedy,idioms_test,41.72424543678229,61.44982029049751,/content/drive/MyDrive/ds266_idiom_mt/checkpoints/lora_r16_stage2_wmt_encfrozen,1e-05,5.0,8,256,128,True,20000,2000,42,100,LoRA 2-stage | r=16 | stage2=WMT enc_frozen | stage1=idioms | lr2=1e-05 | decoding=greedy | {},Helsinki-NLP
2026-03-02T13:51:30-08:00,lora_r16_two_stage_beam4_lp0.8,idioms_test,40.43789882744096,60.81102492449115,/content/drive/MyDrive/ds266_idiom_mt/checkpoints/lora_r16_stage2_wmt_encfrozen,1e-05,5.0,8,256,128,True,20000,2000,42,100,"LoRA 2-stage | r=16 | stage2=WMT enc_frozen | stage1=idioms | lr2=1e-05 | decoding=beam4_lp0.8 | {'num_beams': 4, 'length_penalty': 0.8, 'early_stopping': True}",Helsinki-NLP
2026-03-02T13:51:35-08:00,lora_r16_two_stage_beam4_lp1.0,idioms_test,40.68579128911464,60.942062674724575,/content/drive/MyDrive/ds266_idiom_mt/checkpoints/lora_r16_stage2_wmt_encfrozen,1e-05,5.0,8,256,128,True,20000,2000,42,100,"LoRA 2-stage | r=16 | stage2=WMT enc_frozen | stage1=idioms | lr2=1e-05 | decoding=beam4_lp1.0 | {'num_beams': 4, 'length_penalty': 1.0, 'early_stopping': True}",Helsinki-NLP
2026-03-02T13:51:40-08:00,lora_r16_two_stage_beam4_lp1.2,idioms_test,41.09159687674348,61.209496654476425,/content/drive/MyDrive/ds266_idiom_mt/checkpoints/lora_r16_stage2_wmt_encfrozen,1e-05,5.0,8,256,128,True,20000,2000,42,100,"LoRA 2-stage | r=16 | stage2=WMT enc_frozen | stage1=idioms | lr2=1e-05 | decoding=beam4_lp1.2 | {'num_beams': 4, 'length_penalty': 1.2, 'early_stopping': True}",Helsinki-NLP
2026-03-02T13:51:44-08:00,lora_r16_two_stage_beam8_lp0.8,idioms_test,40.781720601964174,60.814745950211815,/content/drive/MyDrive/ds266_idiom_mt/checkpoints/lora_r16_stage2_wmt_encfrozen,1e-05,5.0,8,256,128,True,20000,2000,42,100,"LoRA 2-stage | r=16 | stage2=WMT enc_frozen | stage1=idioms | lr2=1e-05 | decoding=beam8_lp0.8 | {'num_beams': 8, 'length_penalty': 0.8, 'early_stopping': True}",Helsinki-NLP
2026-03-02T13:51:49-08:00,lora_r16_two_stage_beam8_lp1.0,idioms_test,41.06687801234486,61.23041322962609,/content/drive/MyDrive/ds266_idiom_mt/checkpoints/lora_r16_stage2_wmt_encfrozen,1e-05,5.0,8,256,128,True,20000,2000,42,100,"LoRA 2-stage | r=16 | stage2=WMT enc_frozen | stage1=idioms | lr2=1e-05 | decoding=beam8_lp1.0 | {'num_beams': 8, 'length_penalty': 1.0, 'early_stopping': True}",Helsinki-NLP
2026-03-02T13:51:54-08:00,lora_r16_two_stage_beam8_lp1.2,idioms_test,41.54031696829093,61.61378570161629,/content/drive/MyDrive/ds266_idiom_mt/checkpoints/lora_r16_stage2_wmt_encfrozen,1e-05,5.0,8,256,128,True,20000,2000,42,100,"LoRA 2-stage | r=16 | stage2=WMT enc_frozen | stage1=idioms | lr2=1e-05 | decoding=beam8_lp1.2 | {'num_beams': 8, 'length_penalty': 1.2, 'early_stopping': True}",Helsinki-NLP
2026-03-02T13:54:38-08:00,lora_r16_two_stage_greedy,wmt_test,27.596422476853355,58.459373444561535,/content/drive/MyDrive/ds266_idiom_mt/checkpoints/lora_r16_stage2_wmt_encfrozen,1e-05,5.0,8,256,128,True,20000,2000,42,3003,LoRA 2-stage | r=16 | stage2=WMT enc_frozen | stage1=idioms | lr2=1e-05 | decoding=greedy | {},Helsinki-NLP
2026-03-02T13:57:20-08:00,lora_r16_two_stage_beam4_lp0.8,wmt_test,27.72410526208743,58.42349905037095,/content/drive/MyDrive/ds266_idiom_mt/checkpoints/lora_r16_stage2_wmt_encfrozen,1e-05,5.0,8,256,128,True,20000,2000,42,3003,"LoRA 2-stage | r=16 | stage2=WMT enc_frozen | stage1=idioms | lr2=1e-05 | decoding=beam4_lp0.8 | {'num_beams': 4, 'length_penalty': 0.8, 'early_stopping': True}",Helsinki-NLP
2026-03-02T14:00:03-08:00,lora_r16_two_stage_beam4_lp1.0,wmt_test,27.664991558260745,58.45766277475872,/content/drive/MyDrive/ds266_idiom_mt/checkpoints/lora_r16_stage2_wmt_encfrozen,1e-05,5.0,8,256,128,True,20000,2000,42,3003,"LoRA 2-stage | r=16 | stage2=WMT enc_frozen | stage1=idioms | lr2=1e-05 | decoding=beam4_lp1.0 | {'num_beams': 4, 'length_penalty': 1.0, 'early_stopping': True}",Helsinki-NLP
2026-03-02T14:02:46-08:00,lora_r16_two_stage_beam4_lp1.2,wmt_test,27.58248474491716,58.4670847950911,/content/drive/MyDrive/ds266_idiom_mt/checkpoints/lora_r16_stage2_wmt_encfrozen,1e-05,5.0,8,256,128,True,20000,2000,42,3003,"LoRA 2-stage | r=16 | stage2=WMT enc_frozen | stage1=idioms | lr2=1e-05 | decoding=beam4_lp1.2 | {'num_beams': 4, 'length_penalty': 1.2, 'early_stopping': True}",Helsinki-NLP
2026-03-02T14:05:30-08:00,lora_r16_two_stage_beam8_lp0.8,wmt_test,27.74789728702308,58.42761398758658,/content/drive/MyDrive/ds266_idiom_mt/checkpoints/lora_r16_stage2_wmt_encfrozen,1e-05,5.0,8,256,128,True,20000,2000,42,3003,"LoRA 2-stage | r=16 | stage2=WMT enc_frozen | stage1=idioms | lr2=1e-05 | decoding=beam8_lp0.8 | {'num_beams': 8, 'length_penalty': 0.8, 'early_stopping': True}",Helsinki-NLP
2026-03-02T14:08:13-08:00,lora_r16_two_stage_beam8_lp1.0,wmt_test,27.66645688284368,58.469908971262,/content/drive/MyDrive/ds266_idiom_mt/checkpoints/lora_r16_stage2_wmt_encfrozen,1e-05,5.0,8,256,128,True,20000,2000,42,3003,"LoRA 2-stage | r=16 | stage2=WMT enc_frozen | stage1=idioms | lr2=1e-05 | decoding=beam8_lp1.0 | {'num_beams': 8, 'length_penalty': 1.0, 'early_stopping': True}",Helsinki-NLP
2026-03-02T14:10:56-08:00,lora_r16_two_stage_beam8_lp1.2,wmt_test,27.53830299371716,58.47958302489683,/content/drive/MyDrive/ds266_idiom_mt/checkpoints/lora_r16_stage2_wmt_encfrozen,1e-05,5.0,8,256,128,True,20000,2000,42,3003,"LoRA 2-stage | r=16 | stage2=WMT enc_frozen | stage1=idioms | lr2=1e-05 | decoding=beam8_lp1.2 | {'num_beams': 8, 'length_penalty': 1.2, 'early_stopping': True}",Helsinki-NLP
